Model,Accuracy,AUC
Best Model,0.9943513829372809,1.0
Logistic Regression,0.6466692637319829,0.7065852851654577
Random Forest,0.9931827035449942,1.0
Xgboost,0.9943513829372809,1.0
